{"cameraMode":{"drawMode":0,"name":"Shaded","section":"Shading Mode"},"sceneLighting":false,"audioPlay":false,"sceneViewState":{"m_AlwaysRefresh":false,"showFog":true,"showSkybox":false,"showFlares":true,"showImageEffects":true,"showParticleSystems":true,"showVisualEffectGraphs":true,"m_FxEnabled":true},"in2DMode":false,"pivot":{"x":-1.1920928955078126e-7,"y":-15.146137237548829,"z":-0.0000029802322387695314},"rotation":{"x":-0.15584275126457215,"y":0.22657136619091035,"z":-0.03675217181444168,"w":-0.9607444405555725},"size":26.694231033325197,"orthographic":false}